Supplementary Table 7. Mutational signature activity across all tumors ,,,,,,,,,,
pair_id,S1,S5,S6,S7,S11,S17,S2,S4,S13,S10
CR0095_T_N,2.20E-36,89.29439469,1.20E-53,246.8157909,46.42967159,6.410949035,NA,NA,NA,NA
CR04885_T_N,2.20E-59,0.001658624,3.76E-86,2097.825445,645.796334,26.46064648,NA,NA,NA,NA
CR06670_T_N,3.01E-49,43.77317664,1.20E-66,554.5667445,171.8966884,8.344766788,NA,NA,NA,NA
CR1509_T_N,3.46E-31,15.46658635,3.43E-50,573.5605333,242.2881484,1.897124972,NA,NA,NA,NA
CR22640_T_N,5.20E-23,16.39279137,1.22E-37,434.9201505,40.35861517,1.774132128,NA,NA,NA,NA
CR3665_T_N,1.76E-16,60.12546155,3.70E-36,109.1242543,53.6138265,0.336739865,NA,NA,NA,NA
CR6126_T_N,1.70E-47,23.1348263,2.47E-56,563.8600544,180.0801327,0.00025115,NA,NA,NA,NA
CR6161_T_N,2.31E-87,1.27E-14,1.11E-114,962.0142923,310.9841825,6.74E-17,NA,NA,NA,NA
CR9306_T_N,1.29E-34,1.037136522,1.68E-49,1525.414701,559.3253753,6.12060255,NA,NA,NA,NA
CR9699_T_N,1.62E-46,6.44E-07,2.08E-60,1644.291467,300.8300508,4.81E-05,NA,NA,NA,NA
DFCI_MM_1-TP-NB-SM-BZRJ8-SM-BZRJC,1.03E-25,63.35020731,4.284043635,8.210085718,1.791822633,7.68E-75,NA,NA,NA,NA
DFCI_MM_2-TP-NB-SM-BZRJA-SM-BZRJD,7.01E-48,2.306177273,2.26E-57,1233.671258,379.3367147,7.166855658,NA,NA,NA,NA
LSD0167_T_N,8.53E-50,46.03698132,1.15E-64,390.5379173,123.3467642,0.372811689,NA,NA,NA,NA
LSD2057_T_N,9.98E-38,15.86256268,8.04E-53,161.8452303,63.47605262,1.08E-15,NA,NA,NA,NA
LSD3484_T_N,4.22E-29,52.0382561,2.66E-44,491.9508604,200.5419564,4.768938078,NA,NA,NA,NA
LSD4744_T_N,3.71E-15,159.9713788,1.37E-30,1218.96296,196.4390299,2.927143468,NA,NA,NA,NA
LSD6819_T_N,9.02E-21,8.571556244,2.71E-36,221.9791379,65.11131941,1.901911586,NA,NA,NA,NA
MEL-582186-TP-NB-SM-CN21Q-SM-CJP7T,1.91E-62,16.11221656,9.34E-71,61.97421957,15.7495445,9.88E-17,NA,NA,NA,NA
MEL-587761-TP-NB-SM-CN1ZV-SM-CJP7Q,1.00E-35,36.95194151,1.11E-34,175.7150736,48.68292962,4.742058954,NA,NA,NA,NA
MEL-650366-TP-NB-SM-CN221-SM-CJP7U,1.919354041,72.99062763,2.30E-12,207.2336,43.70493913,0.006261233,NA,NA,NA,NA
MEL-682321-TP-NB-SM-CN21G-SM-CJP7S,1.87E-36,29.30207081,1.41E-45,1023.006573,374.9708908,15.39734158,NA,NA,NA,NA
MEL-IPI_Pat02-TP-NB-SM-4DJZX-SM-4NFU4,7.14E-14,61.21110897,2.59E-11,203.021195,18.09576754,5.389202344,NA,NA,NA,NA
MEL-IPI_Pat03-TP-NB-SM-4DJZY-SM-4NFU5,1.75E-115,1.09E-29,1.72E-179,33.22911921,635.610127,1.25E-12,NA,NA,NA,NA
MEL-IPI_Pat04-TP-NB-SM-4DJZZ-SM-4NFU6,8.03E-72,259.7441698,3.91E-85,146.805871,105.006511,9.831807319,NA,NA,NA,NA
MEL-IPI_Pat06-TP-NB-SM-4DK12-SM-4NFU8,5.52E-30,16.21775626,1.24E-41,133.4167834,64.52992599,4.64E-16,NA,NA,NA,NA
MEL-IPI_Pat07-TP-NB-SM-4DK13-SM-4NFU9,6.76E-27,77.97709434,1.82E-07,79.52144854,58.53543143,7.625966154,NA,NA,NA,NA
MEL-IPI_Pat08-TP-NB-SM-4DK14-SM-4NFUA,2.87E-44,1.310290003,1.32E-55,326.9226844,62.76651779,2.201552407,NA,NA,NA,NA
MEL-IPI_Pat100-TP-NT-SM-53U2D-SM-53U4M,9.66130903,97.87061543,3.06E-14,544.2598281,134.2866261,21.19867251,NA,NA,NA,NA
MEL-IPI_Pat101-TP-NT-SM-4CU6O-SM-53U4N,23.69951784,57.80448363,3.956932785,8.969568264,5.269548293,0.001576831,NA,NA,NA,NA
MEL-IPI_Pat103-TP-NT-SM-4CU6Q-SM-53U4P,1.53E-32,39.57276553,2.00E-49,940.3633741,45.06419899,11.39035581,NA,NA,NA,NA
MEL-IPI_Pat104-TP-NT-SM-4CU6R-SM-53U4Q,18.319162,4.309927103,10.02604334,14.94710113,1.326594427,0.283904398,NA,NA,NA,NA
MEL-IPI_Pat105-TP-NT-SM-4CU6S-SM-53U4R,3.70E-31,31.80072643,3.55E-43,131.7566673,54.50496015,2.473595649,NA,NA,NA,NA
MEL-IPI_Pat106-TP-NT-SM-4CU6T-SM-4MGPK,0.008779305,1.40E-21,31.14891784,4.237562968,3.21E-67,3.04E-24,NA,NA,NA,NA
MEL-IPI_Pat11-TP-NB-SM-4DK17-SM-4NFUD,7.01E-47,6.94E-10,1.25E-57,2298.844424,820.8834234,3.67E-08,NA,NA,NA,NA
MEL-IPI_Pat110-TP-NT-SM-4CU6X-SM-4MGPO,1.81E-43,1.626605845,9.22E-61,7261.985749,1737.281918,139.8502385,NA,NA,NA,NA
MEL-IPI_Pat111-TP-NT-SM-4CU6Y-SM-4MGPP,1.44E-74,72.40666977,2.93E-107,1130.210987,568.9852585,0.024375055,NA,NA,NA,NA
MEL-IPI_Pat113-TP-NT-SM-53U2Q-SM-4MGPR,1.73E-17,80.54496242,1.14E-47,260.7735499,61.55719439,9.304723762,NA,NA,NA,NA
MEL-IPI_Pat115-TP-NT-SM-5X2QS-SM-5X2RA,18.2002875,31.36014996,0.768778448,25.68956281,23.15263555,0.001506402,NA,NA,NA,NA
MEL-IPI_Pat117-TP-NT-SM-5X2QU-SM-5X2RC,2.73E-32,1.309250569,2.38E-41,739.8001179,276.8013029,3.303593067,NA,NA,NA,NA
MEL-IPI_Pat118-TP-NT-SM-5X2QV-SM-5X2RD,0.020503871,39.16635146,3.961827115,114.7824406,14.96082715,3.45E-24,NA,NA,NA,NA
MEL-IPI_Pat119-TP-NT-SM-7459N-SM-7459Q,7.05E-21,94.85531426,5.05E-63,170.8304116,134.1626268,6.929356392,NA,NA,NA,NA
MEL-IPI_Pat12-TP-NB-SM-7459O-SM-4NFUE,1.934467219,25.11222917,8.85E-09,96.09264686,19.6651013,0.419294428,NA,NA,NA,NA
MEL-IPI_Pat121-TP-NT-SM-7459K-SM-5X2RG,63.87357936,41.13011413,1.94E-14,6.392218449,27.29509793,1.442555228,NA,NA,NA,NA
MEL-IPI_Pat123-TP-NB-SM-5X2R1-SM-5VWHL,1.63E-23,38.01583494,1.79E-30,597.9460539,114.3061972,3.64E-08,NA,NA,NA,NA
MEL-IPI_Pat124-TP-NB-SM-7459L-SM-5VWHM,1.90E-21,46.91546605,1.32E-33,420.9483319,106.396538,3.43463723,NA,NA,NA,NA
MEL-IPI_Pat126-TP-NB-SM-5X2R4-SM-5VWHO,4.64E-32,68.95338389,1.11E-51,338.3421538,148.0348358,13.45246363,NA,NA,NA,NA
MEL-IPI_Pat127-TP-NB-SM-5X2R5-SM-5VWHP,12.55408867,36.77571161,0.00010986,83.7195608,25.62228364,2.11E-20,NA,NA,NA,NA
MEL-IPI_Pat128-TP-NB-SM-5X2R6-SM-5VWHQ,3.33E-05,22.62416739,9.411483553,57.06251891,13.68776691,7.339132048,NA,NA,NA,NA
MEL-IPI_Pat129-TP-NT-SM-5X2R7-SM-5X2RI,22.51498398,25.84314136,8.08E-32,88.66233588,15.76876077,0.023475724,NA,NA,NA,NA
MEL-IPI_Pat13-TP-NB-SM-4DK19-SM-4NFUF,1.597552361,38.42757565,6.92E-34,85.26314292,49.88661849,1.24E-07,NA,NA,NA,NA
MEL-IPI_Pat132-TP-NB-SM-5VWJA-SM-5VWHR,1.13E-141,1.95E-21,9.65E-106,0.141853861,3311.108557,3.08E-37,NA,NA,NA,NA
MEL-IPI_Pat133-TP-NB-SM-7A14Z-SM-5VWHS,16.83282985,270.5808447,8.88E-25,45.34274507,29.37012942,8.55E-35,NA,NA,NA,NA
MEL-IPI_Pat134-TP-NB-SM-5VWJC-SM-5VWHT,7.82E-22,15.78181607,1.57E-33,419.1655345,92.50589661,4.739241133,NA,NA,NA,NA
MEL-IPI_Pat135-TP-NB-SM-7A152-SM-5VWHU,5.128488997,37.73394857,0.09377014,138.6257203,71.04197019,0.000715509,NA,NA,NA,NA
MEL-IPI_Pat138-TP-NB-SM-7A155-SM-5VWHX,1.21E-100,1.14E-14,1.77E-100,7.112902805,8451.475607,6.97E-13,NA,NA,NA,NA
MEL-IPI_Pat139-TP-NB-SM-5VWJH-SM-5VWHY,2.06E-48,3.69E-08,5.01E-66,1762.927652,267.1133328,0.003768753,NA,NA,NA,NA
MEL-IPI_Pat14-TP-NB-SM-53U3C-SM-4NFUG,1.657218014,34.76788436,21.32283652,2.35E-57,11.91371428,5.93E-36,NA,NA,NA,NA
MEL-IPI_Pat140-TP-NB-SM-5VWJI-SM-5VWHZ,2.69E-12,81.87545105,1.32E-19,346.2718434,73.80677527,0.449917675,NA,NA,NA,NA
MEL-IPI_Pat143-TP-NB-SM-7A156-SM-5VWI3,4.624027884,327.7027099,5.01E-12,953.2695074,80.83743131,4.79E-06,NA,NA,NA,NA
MEL-IPI_Pat144-TP-NB-SM-7A157-SM-5VWI4,56.93664958,60.3777807,2.06E-20,250.1854386,27.50979855,4.01E-19,NA,NA,NA,NA
MEL-IPI_Pat147-TP-NB-SM-7A158-SM-5VWI7,19.52936551,0.03458779,1.12E-12,577.4054602,202.4664343,0.02116234,NA,NA,NA,NA
MEL-IPI_Pat148-TP-NB-SM-5VWJQ-SM-5VWI8,5.52E-21,67.5839246,3.64E-18,240.0671859,38.12564986,1.289834021,NA,NA,NA,NA
MEL-IPI_Pat15-TP-NB-SM-4DK1B-SM-4NFUH,2.31E-49,33.63555706,4.26E-67,165.407774,121.9378794,8.498361135,NA,NA,NA,NA
MEL-IPI_Pat151-TP-NB-SM-7A15A-SM-5VWIB,9.31E-73,1.10E-07,3.08E-52,3.00E-10,3718.368557,2.30E-34,NA,NA,NA,NA
MEL-IPI_Pat157-TP-NB-SM-7A15B-SM-5VWIH,25.88385427,49.93067827,1.35E-05,68.75621991,36.01260214,1.44E-14,NA,NA,NA,NA
MEL-IPI_Pat159-TP-NB-SM-5VWK2-SM-5VWIJ,1.24E-32,76.7425748,9.51E-42,570.5897314,148.7624034,0.676280315,NA,NA,NA,NA
MEL-IPI_Pat16-TP-NT-SM-53U3E-SM-53U5B,7.02E-49,0.582866744,4.14E-71,2006.328761,624.7960408,32.97056343,NA,NA,NA,NA
MEL-IPI_Pat160-TP-NB-SM-5VWK3-SM-5VWIK,11.74727763,47.14118089,1.17E-10,3.62E-54,1.06E-101,0.10222557,NA,NA,NA,NA
MEL-IPI_Pat162-TP-NB-SM-7A15D-SM-5VWIM,54.99519162,25.61062866,3.18E-27,11.92727483,8.50E-36,0.091672094,NA,NA,NA,NA
MEL-IPI_Pat163-TP-NB-SM-5VWK6-SM-5VWIN,6.66E-37,30.39020253,1.46E-14,69.86494776,59.75984858,2.94E-18,NA,NA,NA,NA
MEL-IPI_Pat166-TP-NB-SM-7A15G-SM-5VWIQ,53.37231517,2.34E-17,3.60E-10,1.511227002,2.97E-19,4.38E-17,NA,NA,NA,NA
MEL-IPI_Pat167-TP-NB-SM-7A15H-SM-5VWIR,32.32631786,31.97910063,2.97E-26,2.319737862,2.941662551,1.53E-27,NA,NA,NA,NA
MEL-IPI_Pat168-TP-NB-SM-5VOAX-SM-5VWIS,2.710552465,153.0669575,5.06E-07,167.3060332,26.83395084,2.891954725,NA,NA,NA,NA
MEL-IPI_Pat17-TP-NB-SM-4DK1D-SM-4NFUJ,8.63E-33,11.29298328,1.72E-46,208.7333666,59.47431982,3.751048712,NA,NA,NA,NA
MEL-IPI_Pat170-TP-NB-SM-5VOAZ-SM-5VWIU,8.06E-08,46.86140508,1.39E-33,252.0735447,3.791330086,2.71E-10,NA,NA,NA,NA
MEL-IPI_Pat171-TP-NB-SM-7A15J-SM-5VWIV,1.80E-22,91.605799,2.94E-12,1.45E-22,10.5066302,7.466512526,NA,NA,NA,NA
MEL-IPI_Pat174-TP-NB-SM-5VOB4-SM-5VWIY,8.01E-60,1.88E-06,8.08E-85,728.2397769,181.6997762,11.91027393,NA,NA,NA,NA
MEL-IPI_Pat175-TP-NB-SM-7A15L-SM-5VWIZ,24.52278208,51.27584075,5.28E-08,36.8765417,27.19044083,4.13E-18,NA,NA,NA,NA
MEL-IPI_Pat18-TP-NT-SM-4DK1E-SM-53U5D,21.66811386,21.74877764,0.53409405,3.112766444,5.65E-28,1.10E-29,NA,NA,NA,NA
MEL-IPI_Pat21-TP-NT-SM-4DK1H-SM-53U5G,1.54E-52,0.024926708,3.88E-76,1546.401871,601.2809439,0.039461399,NA,NA,NA,NA
MEL-IPI_Pat24-TP-NT-SM-4DK1K-SM-53U5J,27.42454375,15.86062469,0.32305448,1.90E-112,1.672764144,2.95E-27,NA,NA,NA,NA
MEL-IPI_Pat27-TP-NB-SM-4DK1N-SM-4NFUT,25.83676746,26.15936869,3.28E-19,6.272675834,6.263803035,3.85E-18,NA,NA,NA,NA
MEL-IPI_Pat32-TP-NT-SM-53U3T-SM-53U67,6.44E-14,102.3217011,2.56E-32,763.5647898,167.7726209,0.266456241,NA,NA,NA,NA
MEL-IPI_Pat39-TP-NB-SM-4DK1Z-SM-4NFV6,41.29473507,17.58623547,3.71E-17,49.28855842,0.015921265,2.03E-15,NA,NA,NA,NA
MEL-IPI_Pat41-TP-NT-SM-4DK22-SM-53U5O,3.895004902,82.60586104,3.47E-16,403.5211243,65.73336518,1.621374995,NA,NA,NA,NA
MEL-IPI_Pat43-TP-NB-SM-4DK24-SM-4NFVA,42.16129372,182.3293188,5.01E-05,79.53953902,1.50E-10,1.71E-11,NA,NA,NA,NA
MEL-IPI_Pat45-TP-NT-SM-4DK26-SM-53U5R,4.43E-56,8.41E-07,5.21E-68,1115.913029,254.540231,0.002116816,NA,NA,NA,NA
MEL-IPI_Pat46-TP-NT-SM-53U48-SM-53U5S,14.04204679,110.7469869,2.23E-07,222.6027885,90.17949421,1.968217322,NA,NA,NA,NA
MEL-IPI_Pat47-TP-NT-SM-4DK28-SM-53U5U,1.29E-17,65.62527287,2.90E-20,98.78093942,55.27621836,3.49E-12,NA,NA,NA,NA
MEL-IPI_Pat49-TP-NT-SM-4DK2A-SM-53U5W,1.12E-50,0.405689902,7.53E-61,702.8589162,201.7027961,5.288274938,NA,NA,NA,NA
MEL-IPI_Pat50-TP-NT-SM-53U69-SM-53U5X,1.18E-22,11.39081901,5.24E-35,444.4660291,195.7245836,5.27E-08,NA,NA,NA,NA
MEL-IPI_Pat52-TP-NT-SM-4DK2D-SM-53U5Z,4.11E-77,4.28E-09,1.25E-103,382.8635724,152.509746,4.11E-12,NA,NA,NA,NA
MEL-IPI_Pat54-TP-NB-SM-4DK2F-SM-4NFVL,2.35E-43,0.000470424,1.14E-64,984.1475107,299.684573,0.138929845,NA,NA,NA,NA
MEL-IPI_Pat55-TP-NB-SM-4DK2G-SM-4NFVM,9.62E-25,49.91146027,2.89E-41,370.9150314,255.4409224,0.028346167,NA,NA,NA,NA
MEL-IPI_Pat56-TP-NB-SM-4DK2H-SM-4NFVN,17.72869658,51.31437013,4.04E-17,0.011052856,4.237872962,0.012091022,NA,NA,NA,NA
MEL-IPI_Pat57-TP-NB-SM-4DK2I-SM-4NFVO,21.9384197,9.504127467,8.47E-13,34.72835168,8.606033165,5.787417018,NA,NA,NA,NA
MEL-IPI_Pat58-TP-NB-SM-4DK2J-SM-4NFVP,3.03E-119,1.12E-17,3.17E-115,12.09873099,3877.987408,5.96E-22,NA,NA,NA,NA
MEL-IPI_Pat59-TP-NB-SM-4DK2K-SM-4NFVQ,4.26E-23,10.40256465,3.04E-33,270.5855667,146.6156064,1.277075409,NA,NA,NA,NA
MEL-IPI_Pat60-TP-NB-SM-4DK2L-SM-4NFVR,3.38E-71,7.75E-09,1.77E-91,817.8286297,304.5288149,1.61E-13,NA,NA,NA,NA
MEL-IPI_Pat61-TP-NB-SM-4DK2M-SM-4NFVS,2.91E-33,9.480796008,4.380389802,2.485561634,0.226244136,6.49E-50,NA,NA,NA,NA
MEL-IPI_Pat62-TP-NB-SM-4DK2N-SM-4NFVT,1.17E-38,0.398606247,3.64E-45,1163.955822,1119.937612,3.257972961,NA,NA,NA,NA
MEL-IPI_Pat64-TP-NB-SM-4DK2P-SM-4NFVV,2.35E-34,46.97608962,5.07E-50,780.0004642,79.16866973,11.20176414,NA,NA,NA,NA
MEL-IPI_Pat66-TP-NB-SM-4DK2R-SM-4NFVX,1.46E-30,46.52962371,3.08E-45,240.3224561,128.944484,1.843998694,NA,NA,NA,NA
MEL-IPI_Pat67-TP-NB-SM-4DK2S-SM-4NFVY,6.348006554,16.820537,4.41E-50,1.755187395,1.26E-28,2.325064775,NA,NA,NA,NA
MEL-IPI_Pat71-TP-NB-SM-4DK2W-SM-4NFW3,3.48E-61,0.00015307,1.92E-82,959.6302321,211.2219331,0.042450204,NA,NA,NA,NA
MEL-IPI_Pat73-TP-NB-SM-4DK2Y-SM-4NFW5,2.85E-65,48.81765609,4.15E-80,200.5939492,58.0038361,5.15E-09,NA,NA,NA,NA
MEL-IPI_Pat74-TP-NB-SM-4DK2Z-SM-4NFW6,1.21E-18,40.37697323,1.29E-33,570.9664835,151.9503771,0.402166406,NA,NA,NA,NA
MEL-IPI_Pat76-TP-NB-SM-4DK32-SM-4NFW8,0.000208909,12.97521246,6.32E-25,185.7342492,92.14150278,0.315920211,NA,NA,NA,NA
MEL-IPI_Pat77-TP-NT-SM-4DK33-SM-53U63,3.03E-63,4.49E-07,2.57E-84,392.9975247,121.19735,4.26E-20,NA,NA,NA,NA
MEL-IPI_Pat79-TP-NB-SM-53U2S-SM-4NFWB,7.88E-29,0.050854493,1.66E-53,368.1371634,71.74711345,1.67E-18,NA,NA,NA,NA
MEL-IPI_Pat80-TP-NT-SM-4DK36-SM-53U53,6.21E-30,173.7114475,1.12E-42,3.96E-29,116.0420744,6.72E-37,NA,NA,NA,NA
MEL-IPI_Pat81-TP-NB-SM-4DK37-SM-4NFWD,27.72149652,74.72783211,1.05E-05,8.672660553,1.33E-41,9.611435813,NA,NA,NA,NA
MEL-IPI_Pat82-TP-NT-SM-4DK38-SM-53U55,1.01E-28,122.0396475,7.03E-44,379.3560505,132.1684769,0.000431675,NA,NA,NA,NA
MEL-IPI_Pat83-TP-NT-SM-53U2W-SM-53U56,29.65177078,1.84E-06,3.49E-51,40.13866588,6.79E-59,2.331042047,NA,NA,NA,NA
MEL-IPI_Pat85-TP-NB-SM-53U2Y-SM-4NFWH,2.52E-18,114.5022676,3.86E-34,519.7520966,70.43132754,8.414491459,NA,NA,NA,NA
MEL-IPI_Pat86-TP-NT-SM-4DK3C-SM-53U59,14.12408304,24.55942473,0.002316704,42.34239712,20.40936765,1.95E-42,NA,NA,NA,NA
MEL-IPI_Pat87-TP-NT-SM-4DK3D-SM-53U5A,9.52362582,37.78726705,9.576979066,2.82E-80,4.563467563,6.81E-69,NA,NA,NA,NA
MEL-IPI_Pat90-TP-NB-SM-4DK3G-SM-4NFWM,35.28102898,0.070472318,0.006699246,242.9052982,52.03659519,1.01E-09,NA,NA,NA,NA
MEL-IPI_Pat98-TP-NT-SM-4CU6L-SM-53U4K,53.98739312,20.18854063,3.09E-30,4.47E-15,2.11E-05,3.917260314,NA,NA,NA,NA
MEL-IPI_Pat99-TP-NT-SM-4CU6M-SM-53U4L,7.419480322,8.774286432,13.26813592,2.80E-16,3.20E-25,4.02E-68,NA,NA,NA,NA
NR1867_T_N,9.015274991,88.67649084,5.26E-07,3.779259902,2.26E-48,6.64E-44,NA,NA,NA,NA
NR2137_T_N,1.78E-48,6.73E-07,7.15E-65,720.9375146,222.1387202,1.95124254,NA,NA,NA,NA
NR3549_T_N,1.33E-42,32.17245403,1.30E-63,382.877405,157.7288285,17.23266726,NA,NA,NA,NA
NR4018_T_N,2.70E-54,15.5881682,8.27E-59,120.7714364,64.31023118,8.93E-23,NA,NA,NA,NA
NR4045_T_N,3.81E-67,1.35E-09,1.07E-78,494.2698308,175.8807658,2.74E-16,NA,NA,NA,NA
NR4083_T_N,1.12E-39,0.005361423,1.61E-56,390.6485281,63.78623264,0.000547813,NA,NA,NA,NA
NR4631_T_N,1.18E-62,9.19E-11,1.40E-76,1496.059932,165.9763439,1.45E-14,NA,NA,NA,NA
NR4810_T_N,1.85E-36,36.00863408,4.34E-46,417.2046253,108.2005489,0.08294731,NA,NA,NA,NA
NR4949_T_N,4.60E-45,93.56835472,1.39E-55,513.944999,158.8733618,5.0544432,NA,NA,NA,NA
NR8815_T_N,8.90E-41,5.31E-05,2.70E-54,2121.673302,300.6158283,7.56E-08,NA,NA,NA,NA
NR9445_T_N,1.15E-27,32.01108353,8.23E-38,233.8916508,98.10537761,0.070902448,NA,NA,NA,NA
NR9449_T_N,1.42E-41,35.37582675,9.15E-40,323.8724629,52.04558316,0.048301434,NA,NA,NA,NA
NR9521_T_N,4.09E-51,0.000393534,2.15E-67,1185.520247,335.6547079,3.64E-06,NA,NA,NA,NA
NR9705_T_N,7.767835556,30.15699718,3.76E-08,9.16E-38,1.60E-17,2.034093205,NA,NA,NA,NA
NR9765_T_N,2.80E-16,42.98915738,7.51E-43,56.04409995,24.37647646,0.009357673,NA,NA,NA,NA
PR12117_T_N,1.97E-53,4.59E-07,2.96E-73,1224.580173,363.0929419,3.03E-09,NA,NA,NA,NA
PR4035_T_N,1.36E-37,32.51174254,2.16E-53,541.5628835,143.6960645,1.099622225,NA,NA,NA,NA
PR4046_T_N,3.133072914,13.31102311,3.30E-17,132.689993,24.04243852,5.351773773,NA,NA,NA,NA
PR4077_T_N,1.83E-50,8.52E-10,3.27E-63,2240.419771,325.1573944,1.72E-10,NA,NA,NA,NA
PR4091_T_N,9.04E-82,4.52E-12,3.64E-107,277.4913072,119.1628823,9.64E-08,NA,NA,NA,NA
PR4092_T_N,2.10E-110,1.36E-20,2.19E-103,16.56620271,5272.008937,7.33E-29,NA,NA,NA,NA
SD0346_T_N,1.70E-14,39.58728136,1.60E-27,625.0450128,139.7649767,4.155689672,NA,NA,NA,NA
SD1494_T_N,1.30E-47,0.000135205,2.38E-62,1016.528343,304.4214064,1.48E-08,NA,NA,NA,NA
SD2051_T_N,3.439227461,36.75500672,1.40E-14,0.083695854,7.591816132,3.70E-62,NA,NA,NA,NA
SD2056_T_N,5.72E-36,0.000506361,4.16E-42,143.2329085,65.78262019,2.629650138,NA,NA,NA,NA
SD5038_T_N,6.79E-52,27.53899809,3.89E-40,252.9595705,86.59201225,4.05323747,NA,NA,NA,NA
SD5118_T_N,13.50545259,74.82828554,2.538024156,3.810507435,2.23E-68,1.87E-23,NA,NA,NA,NA
SD5934_T_N,2.81E-49,26.97921257,4.20E-60,121.9635464,57.73487566,1.53E-07,NA,NA,NA,NA
SD6336_T_N,2.21E-25,67.87611716,3.26E-30,310.159445,158.9292341,6.92E-05,NA,NA,NA,NA
SD6494_T_N,2.68E-34,76.89676077,4.01E-41,675.7361048,142.1375216,0.808759025,NA,NA,NA,NA
SD7357_T_N,5.45E-61,1.04E-09,3.07E-73,1397.976853,373.3933026,1.08E-17,NA,NA,NA,NA
AL4602_T_N,8.20867083,56.59742034,NA,NA,NA,NA,5.288052426,153.1865033,1.648048362,NA
AU5884_T_N,19.45945015,31.53188823,NA,NA,NA,NA,8.678018746,66.02595942,3.687498353,NA
BL3403_T_N,87.25566463,18.22882419,NA,NA,NA,NA,3.526986368,3.61E-15,4.83E-07,NA
CA9903_T_N,19.52158958,117.1184509,NA,NA,NA,NA,17.87037063,267.8583352,10.65551157,NA
CANSEQU01-0100425-TP-NB-SM-6ZL67-SM-6ZL66,4.035293967,71.85533689,NA,NA,NA,NA,3.773644401,170.2761327,12.18570552,NA
CU9061_T_N,0.793537601,205.7810063,NA,NA,NA,NA,23.35931537,199.518035,11.47185596,NA
DI6359_T_N,27.32430376,120.3531116,NA,NA,NA,NA,7.44321269,161.4515508,3.046035802,NA
DM123062_T_N,10.83248846,116.1806355,NA,NA,NA,NA,12.7240682,0.001573871,13.40377922,NA
FR9547_T_N,16.20534916,61.50085376,NA,NA,NA,NA,17.16271308,257.2528593,0.000253224,NA
GR4788_T_N,3.281275017,56.15068867,NA,NA,NA,NA,3.290274612,52.92662242,3.536743783,NA
HE3202_T_N,21.80888302,127.7335955,NA,NA,NA,NA,113.556507,525.7293323,71.45769009,NA
JB112852_T_N,45.68797535,56.51126614,NA,NA,NA,NA,9.769810651,0.012228661,4.942791701,NA
KA3947_T_N,1.177875378,95.72939407,NA,NA,NA,NA,30.84002865,214.3482121,43.729448,NA
LO3793_T_N,21.58747522,31.2678593,NA,NA,NA,NA,10.75094674,5.104786336,26.65411921,NA
LO5004_T_N,14.23266935,27.07702792,NA,NA,NA,NA,0.450099091,19.01382804,8.032216936,NA
LUAD-BS-08-013532-TP-NT-SM-9J2Y1-SM-9J2Y2,0.002291946,113.8806765,NA,NA,NA,NA,3.808472382,106.239906,3.012785535,NA
LUAD-BS-10-J11656-TP-NT-SM-9J2Y7-SM-9J2Y8,7.837125349,100.6396755,NA,NA,NA,NA,1.098519469,183.0809954,13.30101925,NA
LUAD-BS-10-R22401-TP-NB-SM-9J2XK-SM-9HBZR,28.55902994,48.95622862,NA,NA,NA,NA,6.17714935,90.94717794,2.564818725,NA
LUAD-BS-11-F1305-TP-NT-SM-9J2XG-SM-9J2XH,51.22981426,45.05729095,NA,NA,NA,NA,4.283323357,2.130999959,5.057381882,NA
LUAD-BS-11-R21845-TP-NT-SM-9J2YH-SM-9J2YI,88.47175005,182.5756982,NA,NA,NA,NA,10.25106856,0.016505588,6.885976274,NA
LUAD-BS-12-R10269-TP-NB-SM-9J2XO-SM-9HBZT,29.7661972,75.44534257,NA,NA,NA,NA,17.07806292,320.084338,2.958476713,NA
LUAD-BS-12-X27523-TP-NT-SM-9J2Y5-SM-9J2Y6,13.79815969,118.7912214,NA,NA,NA,NA,18.90823937,3.33E-10,0.002047018,NA
LUAD-BS-13-F33496-TP-NB-SM-9J2XU-SM-9HBZX,37.08565177,153.4632493,NA,NA,NA,NA,34.10584413,0.068721323,11.56222118,NA
LUAD-BS-13-J60666-TP-NB-SM-9J2YL-SM-9HBZW,15.16579614,0.194533068,NA,NA,NA,NA,251.4574148,1.238774777,265.8244336,NA
LUAD-BS-13-N35728-TP-NB-SM-9J2XI-SM-9HBZQ,38.6824018,67.32131797,NA,NA,NA,NA,8.885775494,44.73107946,1.197302036,NA
LUAD-BS-13-X14864-TP-NB-SM-9J2XQ-SM-9HBZU,0.000415023,218.82026,NA,NA,NA,NA,121.9524987,659.8897836,228.7908435,NA
LUAD-BS-14-G65174-TP-NT-SM-9J2YF-SM-9J2YG,7.17E-14,146.0921166,NA,NA,NA,NA,12.10566463,170.6694497,8.987980997,NA
LUAD-BS-14-J45174-TP-NT-SM-9J2YJ-SM-9J2YK,12.62430568,141.8331008,NA,NA,NA,NA,38.12168002,7.91093481,38.42056472,NA
LUAD-BS-14-N19784-TP-NT-SM-9J2XW-SM-9J2XX,24.4375239,91.67499424,NA,NA,NA,NA,0.01618304,48.36928882,4.408454712,NA
LUNG-2630-TP-NB-SM-CLFOY-SM-AV34W,26.01505022,146.0704802,NA,NA,NA,NA,219.8928361,94.39363405,236.9147574,NA
Lung-DFCI-11-104-009-TM-NB-SM-5YS7O-SM-5YS7P,0.000792047,242.9750203,NA,NA,NA,NA,459.9630722,1115.62921,20.72719068,NA
M4945_T_N,41.53895176,152.5831429,NA,NA,NA,NA,3.68810329,154.4627542,1.043431971,NA
MA7027_T_N,0.000254694,124.4403242,NA,NA,NA,NA,3.650138397,143.0991912,19.77366647,NA
NI9507_T_N,25.7571777,34.37868013,NA,NA,NA,NA,20.1740059,14.72264784,8.74E-05,NA
R7495_T_N,4.243838891,42.32704213,NA,NA,NA,NA,7.319315433,33.92392555,3.559259373,NA
RH090935_T_N,30.33414181,32.29975712,NA,NA,NA,NA,19.16705701,4.438378124,62.23545644,NA
RI1933_T_N,6.334992193,165.444599,NA,NA,NA,NA,20.18644127,424.0704537,6.983847838,NA
RO3338_T_N,11.46751929,43.58110696,NA,NA,NA,NA,5.065449759,9.724213908,22.57736427,NA
SA9755_T_N,3.799632902,645.5819331,NA,NA,NA,NA,125.8386097,487.6423066,275.0918564,NA
SB010944_T_N,18.43817216,319.8269559,NA,NA,NA,NA,16.49623437,7.93E-17,2.69E-36,NA
SC0899_T_N,5.757695731,85.06374583,NA,NA,NA,NA,33.8252595,359.2578493,32.58063352,NA
SC6470_T_N,20.1148578,30.16819363,NA,NA,NA,NA,14.02978678,216.1333722,4.32295862,NA
SR070761_T_N,40.80018442,112.1406759,NA,NA,NA,NA,6.847310693,4.38E-12,0.04607261,NA
SU2C_Lung-SU2C-DFCI-LUAD-1002-TP-NB-SM-AOL41-SM-A46NE,37.75703685,23.69695312,NA,NA,NA,NA,8.466332096,5.495729006,1.417579589,NA
SU2C_Lung-SU2C-DFCI-LUAD-1003-TP-NB-SM-AOL4D-SM-A46NF,44.17176361,43.22742203,NA,NA,NA,NA,64.58358453,0.850406521,32.19390133,NA
SU2C_Lung-SU2C-DFCI-LUAD-1004-TP-NB-SM-AOL4P-SM-A46NG,19.6277518,33.74074833,NA,NA,NA,NA,9.484919746,84.08772425,8.346276031,NA
SU2C_Lung-SU2C-DFCI-LUAD-1005-TP-NB-SM-AOL52-SM-A46NH,65.32098592,27.44745346,NA,NA,NA,NA,13.07786638,6.45328232,21.85162425,NA
SU2C_Lung-SU2C-DFCI-LUAD-1006-TP-NB-SM-AOL5E-SM-A46NI,15.03628732,33.32515967,NA,NA,NA,NA,5.683373215,91.81619377,5.270678002,NA
SU2C_Lung-SU2C-DFCI-LUAD-1010-TM-NB-SM-AOL6S-SM-A46NM,42.86619941,189.0291743,NA,NA,NA,NA,7.2292239,3.678955584,15.66740401,NA
SU2C_Lung-SU2C-DFCI-LUAD-1011-TM-NB-SM-AOL75-SM-A46NN,16.62529491,72.73681502,NA,NA,NA,NA,32.39770951,33.70672356,38.10149171,NA
SU2C_Lung-SU2C-DFCI-LUAD-1013-TP-NB-SM-AOL7V-SM-A46NP,21.58175409,54.70420014,NA,NA,NA,NA,1.497624988,61.75035723,2.436712918,NA
SU2C_Lung-SU2C-DFCI-LUAD-1016-TM-NB-SM-AOL8W-SM-A46NS,6.483254326,153.6938341,NA,NA,NA,NA,7.499953779,85.35301586,2.95E-07,NA
SU2C_Lung-SU2C-DFCI-LUAD-1017-TM-NB-SM-AOL99-SM-A46NT,2.135149123,357.1917459,NA,NA,NA,NA,107.6274279,943.1820179,111.3330933,NA
SU2C_Lung-SU2C-DFCI-LUAD-1018-TP-NB-SM-AOL9H-SM-A46NU,22.2731824,27.23831968,NA,NA,NA,NA,29.17987637,6.658496854,34.17095486,NA
SU2C_Lung-SU2C-DFCI-LUAD-1020-TM-NB-SM-AOL3C-SM-A46NC,21.09318945,36.96046489,NA,NA,NA,NA,33.31537699,2.826184774,62.07775217,NA
WA7899_T_N,0.030107328,107.0159393,NA,NA,NA,NA,4.82E-06,33.58306208,3.93E-10,NA
Y2087_T_N,12.15502434,87.34876019,NA,NA,NA,NA,23.62578449,0.000237835,9.138216689,NA
BLCA_immunotherapy_responder-DFCI_11-104_011-TP-NB-SM-5PA3E-SM-4D5IX,0.017583835,90.5976616,NA,NA,NA,NA,170.4441443,NA,367.3129371,13.95695415
BLADDER-15330_CCPM_0700629-TM-NB-SM-AVI1C-SM-AVHZJ,0.14820852,335.523682,NA,NA,NA,NA,51.97415928,NA,14.73380374,0.017678752
BLADDER-15330_CCPM_0700691-TM-NB-SM-AVI13-SM-AVHZL,20.52934716,88.06523135,NA,NA,NA,NA,88.0205125,NA,29.48384704,1.693473212
BLADDER-15330_CCPM_0700692-TM-NB-SM-AVI11-SM-AVHZM,23.36018702,194.8073246,NA,NA,NA,NA,157.4165341,NA,52.79654954,15.56617903
BLADDER-15330_CCPM_0700694-TM-NB-SM-AVI16-SM-AVHZK,15.27536857,133.1369547,NA,NA,NA,NA,202.6079239,NA,260.920164,39.09886658
BLCA-001-TP-NB-SM-CUCGA-SM-CUCGU,32.26832237,103.5548134,NA,NA,NA,NA,36.22628727,NA,14.92049658,1.34E-06
BLCA-002-TP-NB-SM-CUCGB-SM-CUCGV,21.24433681,96.07380949,NA,NA,NA,NA,98.7766796,NA,62.94176877,0.020310575
BLCA-003-TP-NB-SM-CUCGC-SM-CUCGW,5.166183657,83.5090826,NA,NA,NA,NA,18.43600226,NA,37.85020126,7.954505055
BLCA-005-TP-NB-SM-CUCGE-SM-CUCGY,37.93408285,62.12333413,NA,NA,NA,NA,95.29925246,NA,75.90534139,23.15613369
BLCA-006-TP-NB-SM-CUCGF-SM-CUCGZ,8.349865728,105.8581895,NA,NA,NA,NA,13.88379025,NA,14.7378024,0.000134779
BLCA-007-TP-NB-SM-CUCGH-SM-CUCH1,33.64720961,13.71291635,NA,NA,NA,NA,21.81461435,NA,7.624359972,0.002467702
BLCA-008-TP-NB-SM-CUCGI-SM-CUCH2,30.3233897,56.67786374,NA,NA,NA,NA,54.39870989,NA,69.49789996,16.36133361
BLCA-009-TP-NB-SM-CUCGJ-SM-CUCH3,37.88907649,128.6393574,NA,NA,NA,NA,130.2506418,NA,112.4107038,23.1914983
BLCA-010-TP-NB-SM-CUCGK-SM-CUCH4,4.43857377,203.847938,NA,NA,NA,NA,104.2766433,NA,142.2670937,6.035860458
BLCA-011-TP-NB-SM-CUCGL-SM-CUCH5,78.23263633,151.6492752,NA,NA,NA,NA,67.30408817,NA,102.5559106,0.343995134
BLCA-012-TP-NB-SM-CUCGM-SM-CUCH6,7.56083736,106.5285264,NA,NA,NA,NA,701.532984,NA,634.0958301,25.04341565
BLCA-014-TP-NB-SM-CUCGO-SM-CUCH8,11.38739845,42.20720156,NA,NA,NA,NA,4.580928502,NA,5.30E-29,0.054137808
BLCA-015-TP-NB-SM-CUCGP-SM-CUCH9,25.87000086,72.37839705,NA,NA,NA,NA,163.5331664,NA,152.2857588,30.46339559
BLCA-016-TP-NB-SM-CUCGQ-SM-CUCHA,52.31866741,33.46591934,NA,NA,NA,NA,24.11794795,NA,52.58759717,8.449251221
BLCA-IM01-TP-NB-SM-79XD9-SM-7AABJ,19.55690159,77.83967277,NA,NA,NA,NA,29.57449701,NA,46.59386657,8.37743065
BLCA-IM04-TP-NT-SM-79XDB-SM-79XDC,0.922578872,71.23768431,NA,NA,NA,NA,0.004313114,NA,24.3280349,7.784535035
BLCA-IM06-TP-NB-SM-79XDL-SM-9QSPW,44.15727694,3.922900513,NA,NA,NA,NA,43.58200134,NA,34.04774611,21.58831585
BLCA-IM07-TP-NB-SM-79XDD-SM-7AABP,0.034550514,36.78939458,NA,NA,NA,NA,242.1569126,NA,85.21647295,16.95700795
BLCA-IM09-TP-NB-SM-79XDF-SM-7AABN,14.85511394,36.3677253,NA,NA,NA,NA,118.2934618,NA,208.967416,19.32448905
BLCA-IM10-TP-NB-SM-79XDG-SM-9QSPX,42.00426404,49.25956247,NA,NA,NA,NA,200.0902638,NA,197.6940171,13.74682276
BLCA-IM11-TP-NT-SM-79XDH-SM-79XDI,1.332401179,120.0664871,NA,NA,NA,NA,178.5229974,NA,114.9023618,20.71024519
BLCA-IM12-TP-NB-SM-9RN2L-SM-9HC1F,18.95130718,65.53299157,NA,NA,NA,NA,70.69068973,NA,68.5220216,3.40578516
HNSCC-186-TP-NB-SM-AXGDN-SM-ADP7L,41.61725918,32.65050791,NA,0.162872334,NA,NA,11.18314333,1.23E-08,6.12E-11,NA
HNSCC-215-TP-NB-SM-CK9VX-SM-AV34O,7.600361474,96.95335169,NA,7.677450256,NA,NA,8.82E-07,15.82265588,1.214340784,NA
HNSCC-238-TP-NB-SM-AXGF5-SM-ADP7O,20.96866938,32.22918107,NA,6.87E-05,NA,NA,7.389930085,0.117415806,0.000149652,NA
HNSCC-239-TP-NB-SM-AXGCS-SM-ADP7K,18.81537942,38.64970254,NA,0.182169224,NA,NA,1.069004896,3.780011988,5.037630625,NA
HNSCC-243-TP-NB-SM-CLFNS-SM-AV34T,7.009125777,31.13661371,NA,4.029028517,NA,NA,4.555271595,15.54987048,1.299132481,NA
HNSCC-258-TP-NB-SM-AXGAI-SM-ADP7G,37.57172774,5.005285843,NA,36.37072945,NA,NA,349.8190953,38.14670303,88.4549316,NA
HNSCC-266-TP-NB-SM-CK9YG-SM-AV34S,9.54822578,34.3392406,NA,0.00012253,NA,NA,1.353452167,1.586235847,0.820636777,NA
HNSCC-287-TP-NB-SM-AXGEI-SM-ADP7M,6.581649111,179.7011007,NA,26.29605167,NA,NA,11.89356427,138.6749147,59.44570726,NA
HNSCC-296-TP-NB-SM-CLFOB-SM-AV34U,8.025887459,198.6378727,NA,15.77423092,NA,NA,130.8321159,40.04085245,153.354289,NA
HNSCC-305-TP-NB-SM-CK9XQ-SM-AV34Q,11.53888494,83.45107508,NA,2.604284174,NA,NA,10.36372749,38.83851841,9.86E-26,NA
HNSCC-306-TP-NB-SM-CK9Y6-SM-AV34R,49.51153228,24.276234,NA,2.466398735,NA,NA,7.7428577,4.014716257,3.158984908,NA
HNSCC-323-TP-NB-SM-CK9WS-SM-AV34N,12.39105593,139.0939867,NA,0.014856405,NA,NA,46.18922021,30.51890511,51.57278914,NA